-- phpMyAdmin SQL Dump
-- version 4.3.10
-- http://www.phpmyadmin.net
--
-- Servidor: localhost
-- Tiempo de generación: 07-08-2015 a las 02:18:28
-- Versión del servidor: 5.5.42
-- Versión de PHP: 5.6.6

SET SQL_MODE = "NO_AUTO_VALUE_ON_ZERO";
SET time_zone = "+00:00";


/*!40101 SET @OLD_CHARACTER_SET_CLIENT=@@CHARACTER_SET_CLIENT */;
/*!40101 SET @OLD_CHARACTER_SET_RESULTS=@@CHARACTER_SET_RESULTS */;
/*!40101 SET @OLD_COLLATION_CONNECTION=@@COLLATION_CONNECTION */;
/*!40101 SET NAMES utf8 */;

--
-- Base de datos: `inventario`
--
CREATE DATABASE IF NOT EXISTS `inventario` DEFAULT CHARACTER SET latin1 COLLATE latin1_swedish_ci;
USE `inventario`;

-- --------------------------------------------------------

--
-- Estructura de tabla para la tabla `clientes`
--

CREATE TABLE IF NOT EXISTS `clientes` (
  `Id_cliente` int(11) NOT NULL,
  `nombre` varchar(45) DEFAULT NULL,
  `rfc` varchar(13) DEFAULT NULL,
  `numero` varchar(10) DEFAULT NULL,
  `estado` varchar(45) DEFAULT NULL,
  `direccion` varchar(50) DEFAULT NULL,
  `colonia` varchar(45) DEFAULT NULL,
  `noExt` int(11) DEFAULT NULL,
  `ccp` int(11) DEFAULT NULL
) ENGINE=InnoDB DEFAULT CHARSET=latin1;

-- --------------------------------------------------------

--
-- Estructura de tabla para la tabla `cortes`
--

CREATE TABLE IF NOT EXISTS `cortes` (
  `Id_corte` int(11) NOT NULL,
  `ruta` varchar(100) CHARACTER SET utf8 COLLATE utf8_spanish_ci DEFAULT NULL,
  `datos` blob,
  `fechaCorte` varchar(20) CHARACTER SET utf8 COLLATE utf8_spanish_ci DEFAULT NULL,
  `costoElaboracion` varchar(45) CHARACTER SET utf8 COLLATE utf8_spanish_ci DEFAULT NULL,
  `totalVendido` varchar(45) CHARACTER SET utf8 COLLATE utf8_spanish_ci DEFAULT NULL,
  `ganancia` varchar(45) CHARACTER SET utf8 COLLATE utf8_spanish_ci DEFAULT NULL,
  `nameUsername` varchar(45) CHARACTER SET utf8 COLLATE utf8_spanish_ci DEFAULT NULL,
  `datosHtml` blob
) ENGINE=InnoDB AUTO_INCREMENT=10 DEFAULT CHARSET=latin1;

--
-- Volcado de datos para la tabla `cortes`
--

INSERT INTO `cortes` (`Id_corte`, `ruta`, `datos`, `fechaCorte`, `costoElaboracion`, `totalVendido`, `ganancia`, `nameUsername`, `datosHtml`) VALUES
(1, '../cortes/1_20150806.pdf', 0x43616e74696461640950726f647563746f09094d617263610909436f73746f0950726563696f0d0a32090947616e7369746f7309094d6172696e656c610909330931300d0a546f74616c65730d0a436f73746f20456c61626f726163696f6e3a2009360d0a546f74616c2056656e6469646f3a20090932300d0a47616e616e63696120546f74616c3a20093134, '2015-08-06 18:57:35', '6', '20', '14', 'user', 0x3c68746d6c3e0d0a3c686561643e0d0a0d0a202020203c736372697074207372633d222e2e2f6a732f6a71756572792d322e312e312e6d696e2e6a73223e3c2f7363726970743e0d0a20202020202020200d0a20202020202020203c736372697074207372633d222e2e2f6a732f686967686368617274732e6a73223e3c2f7363726970743e0d0a20202020202020203c736372697074207372633d222e2e2f6a732f6d6f64756c65732f646174612e6a73223e3c2f7363726970743e0d0a20202020202020203c736372697074207372633d222e2e2f6a732f6d6f64756c65732f6578706f7274696e672e6a73223e3c2f7363726970743e0d0a20202020),
(2, '../cortes/2_20150806.pdf', 0x43616e74696461640950726f647563746f09094d617263610909436f73746f0950726563696f0d0a31090947616e7369746f7309094d6172696e656c610909330931300d0a546f74616c65730d0a436f73746f20456c61626f726163696f6e3a2009330d0a546f74616c2056656e6469646f3a20090931300d0a47616e616e63696120546f74616c3a200937, '2015-08-06 18:57:55', '3', '10', '7', 'Uvipower', 0x3c68746d6c3e0d0a3c686561643e0d0a0d0a202020203c736372697074207372633d222e2e2f6a732f6a71756572792d322e312e312e6d696e2e6a73223e3c2f7363726970743e0d0a20202020202020200d0a20202020202020203c736372697074207372633d222e2e2f6a732f686967686368617274732e6a73223e3c2f7363726970743e0d0a20202020202020203c736372697074207372633d222e2e2f6a732f6d6f64756c65732f646174612e6a73223e3c2f7363726970743e0d0a20202020202020203c736372697074207372633d222e2e2f6a732f6d6f64756c65732f6578706f7274696e672e6a73223e3c2f7363726970743e0d0a20202020),
(3, '../cortes/3_20150806.pdf', 0x43616e74696461640950726f647563746f09094d617263610909436f73746f0950726563696f0d0a31090947616e7369746f7309094d6172696e656c610909330931300d0a3109095375626d6172696e6f09094d6172696e656c0909350932300d0a546f74616c65730d0a436f73746f20456c61626f726163696f6e3a2009380d0a546f74616c2056656e6469646f3a20090933300d0a47616e616e63696120546f74616c3a20093232, '2015-08-06 19:03:56', '8', '30', '22', 'Uvipower', 0x3c68746d6c3e0d0a3c686561643e0d0a0d0a202020203c736372697074207372633d222e2e2f6a732f6a71756572792d322e312e312e6d696e2e6a73223e3c2f7363726970743e0d0a20202020202020200d0a20202020202020203c736372697074207372633d222e2e2f6a732f686967686368617274732e6a73223e3c2f7363726970743e0d0a20202020202020203c736372697074207372633d222e2e2f6a732f6d6f64756c65732f646174612e6a73223e3c2f7363726970743e0d0a20202020202020203c736372697074207372633d222e2e2f6a732f6d6f64756c65732f6578706f7274696e672e6a73223e3c2f7363726970743e0d0a20202020),
(4, '../cortes/4_20150806.pdf', 0x43616e74696461640950726f647563746f09094d617263610909436f73746f0950726563696f0d0a32090947616e7369746f7309094d6172696e656c610909330931300d0a546f74616c65730d0a436f73746f20456c61626f726163696f6e3a2009360d0a546f74616c2056656e6469646f3a20090932300d0a47616e616e63696120546f74616c3a20093134, '2015-08-06 19:06:31', '6', '20', '14', 'Uvipower', 0x3c68746d6c3e0d0a3c686561643e0d0a0d0a202020203c736372697074207372633d222e2e2f6a732f6a71756572792d322e312e312e6d696e2e6a73223e3c2f7363726970743e0d0a20202020202020200d0a20202020202020203c736372697074207372633d222e2e2f6a732f686967686368617274732e6a73223e3c2f7363726970743e0d0a20202020202020203c736372697074207372633d222e2e2f6a732f6d6f64756c65732f646174612e6a73223e3c2f7363726970743e0d0a20202020202020203c736372697074207372633d222e2e2f6a732f6d6f64756c65732f6578706f7274696e672e6a73223e3c2f7363726970743e0d0a20202020),
(5, '../cortes/5_20150806.pdf', 0x43616e74696461640950726f647563746f09094d617263610909436f73746f0950726563696f0d0a3109095375626d6172696e6f09094d6172696e656c0909350932300d0a546f74616c65730d0a436f73746f20456c61626f726163696f6e3a2009350d0a546f74616c2056656e6469646f3a20090932300d0a47616e616e63696120546f74616c3a20093135, '2015-08-06 19:07:35', '5', '20', '15', 'Uvipower', 0x3c68746d6c3e0d0a3c686561643e0d0a0d0a202020203c736372697074207372633d222e2e2f6a732f6a71756572792d322e312e312e6d696e2e6a73223e3c2f7363726970743e0d0a20202020202020200d0a20202020202020203c736372697074207372633d222e2e2f6a732f686967686368617274732e6a73223e3c2f7363726970743e0d0a20202020202020203c736372697074207372633d222e2e2f6a732f6d6f64756c65732f646174612e6a73223e3c2f7363726970743e0d0a20202020202020203c736372697074207372633d222e2e2f6a732f6d6f64756c65732f6578706f7274696e672e6a73223e3c2f7363726970743e0d0a20202020),
(6, '../cortes/6_20150806.pdf', 0x43616e74696461640950726f647563746f09094d617263610909436f73746f0950726563696f0d0a3309095375626d6172696e6f09094d6172696e656c0909350932300d0a546f74616c65730d0a436f73746f20456c61626f726163696f6e3a200931350d0a546f74616c2056656e6469646f3a20090936300d0a47616e616e63696120546f74616c3a20093435, '2015-08-06 19:14:25', '15', '60', '45', 'CyberNet', 0x3c68746d6c3e0d0a3c686561643e0d0a0d0a202020203c736372697074207372633d222e2e2f6a732f6a71756572792d322e312e312e6d696e2e6a73223e3c2f7363726970743e0d0a20202020202020200d0a20202020202020203c736372697074207372633d222e2e2f6a732f686967686368617274732e6a73223e3c2f7363726970743e0d0a20202020202020203c736372697074207372633d222e2e2f6a732f6d6f64756c65732f646174612e6a73223e3c2f7363726970743e0d0a20202020202020203c736372697074207372633d222e2e2f6a732f6d6f64756c65732f6578706f7274696e672e6a73223e3c2f7363726970743e0d0a20202020),
(7, '../cortes/7_20150806.pdf', 0x43616e74696461640950726f647563746f09094d617263610909436f73746f0950726563696f0d0a31090947616e7369746f7309094d6172696e656c610909330931300d0a546f74616c65730d0a436f73746f20456c61626f726163696f6e3a2009330d0a546f74616c2056656e6469646f3a20090931300d0a47616e616e63696120546f74616c3a200937, '2015-08-06 19:27:53', '3', '10', '7', 'Uvipower', 0x3c68746d6c3e0d0a3c686561643e0d0a0d0a202020203c736372697074207372633d222e2e2f6a732f6a71756572792d322e312e312e6d696e2e6a73223e3c2f7363726970743e0d0a20202020202020200d0a20202020202020203c736372697074207372633d222e2e2f6a732f686967686368617274732e6a73223e3c2f7363726970743e0d0a20202020202020203c736372697074207372633d222e2e2f6a732f6d6f64756c65732f646174612e6a73223e3c2f7363726970743e0d0a20202020202020203c736372697074207372633d222e2e2f6a732f6d6f64756c65732f6578706f7274696e672e6a73223e3c2f7363726970743e0d0a20202020),
(8, '../cortes/8_20150806.pdf', 0x43616e74696461640950726f647563746f09094d617263610909436f73746f0950726563696f0d0a31090947616e7369746f7309094d6172696e656c610909330931300d0a3209095375626d6172696e6f09094d6172696e656c0909350932300d0a546f74616c65730d0a436f73746f20456c61626f726163696f6e3a200931330d0a546f74616c2056656e6469646f3a20090935300d0a47616e616e63696120546f74616c3a20093337, '2015-08-06 23:01:55', '13', '50', '37', 'Uvipower', 0x3c68746d6c3e0d0a3c686561643e0d0a0d0a202020203c736372697074207372633d222e2e2f6a732f6a71756572792d322e312e312e6d696e2e6a73223e3c2f7363726970743e0d0a20202020202020200d0a20202020202020203c736372697074207372633d222e2e2f6a732f686967686368617274732e6a73223e3c2f7363726970743e0d0a20202020202020203c736372697074207372633d222e2e2f6a732f6d6f64756c65732f646174612e6a73223e3c2f7363726970743e0d0a20202020202020203c736372697074207372633d222e2e2f6a732f6d6f64756c65732f6578706f7274696e672e6a73223e3c2f7363726970743e0d0a20202020),
(9, '../cortes/9_20150807.pdf', 0x43616e74696461640950726f647563746f09094d617263610909436f73746f0950726563696f0d0a3309095375626d6172696e6f09094d6172696e656c0909350932300d0a546f74616c65730d0a436f73746f20456c61626f726163696f6e3a200931350d0a546f74616c2056656e6469646f3a20090936300d0a47616e616e63696120546f74616c3a20093435, '2015-08-07 00:44:13', '15', '60', '45', 'user', 0x3c68746d6c3e0d0a3c686561643e0d0a0d0a202020203c736372697074207372633d222e2e2f6a732f6a71756572792d322e312e312e6d696e2e6a73223e3c2f7363726970743e0d0a20202020202020200d0a20202020202020203c736372697074207372633d222e2e2f6a732f686967686368617274732e6a73223e3c2f7363726970743e0d0a20202020202020203c736372697074207372633d222e2e2f6a732f6d6f64756c65732f646174612e6a73223e3c2f7363726970743e0d0a20202020202020203c736372697074207372633d222e2e2f6a732f6d6f64756c65732f6578706f7274696e672e6a73223e3c2f7363726970743e0d0a20202020200d0a20202020202020203c73637269707420747970653d22746578742f6a617661736372697074223e0d0a242866756e6374696f6e202829207b0d0a2020202024282223636f6e7461696e657222292e68696768636861727473287b0d0a2020202020202020646174613a207b0d0a2020202020202020202020207461626c653a2022646174617461626c65220d0a20202020202020207d2c0d0a202020202020202063686172743a207b0d0a202020202020202020202020747970653a2022636f6c756d6e220d0a20202020202020207d2c0d0a20202020202020207469746c653a207b0d0a202020202020202020202020746578743a20224772616669636f2064652076656e746120566965726e65732030372064652041676f73746f2064656c20323031352c2031323a34343a313320414d220d0a20202020202020207d2c0d0a202020202020202079417869733a207b0d0a202020202020202020202020616c6c6f77446563696d616c733a20747275652c0d0a2020202020202020202020207469746c653a207b0d0a20202020202020202020202020202020746578743a2022556e696461646573220d0a2020202020202020202020207d0d0a20202020202020207d2c0d0a2020202020202020746f6f6c7469703a207b0d0a202020202020202020202020666f726d61747465723a2066756e6374696f6e202829207b0d0a2020202020202020202020202020202072657475726e20223c623e22202b20746869732e7365726965732e6e616d65202b20223c2f623e3c62722f3e22202b0d0a2020202020202020202020202020202020202020746869732e706f696e742e79202b20222022202b20746869732e706f696e742e6e616d652e746f4c6f7765724361736528293b0d0a2020202020202020202020207d0d0a20202020202020207d0d0a202020207d293b0d0a7d293b0d0a20202020202020203c2f7363726970743e0d0a0d0a2020202020203c2f686561643e0d0a20203c626f64793e0d0a202020203c73656374696f6e3e0d0a2020202020202020202020203c6469762069643d22636f6e7461696e657222207374796c653d226d696e2d77696474683a2033313070783b206865696768743a2034303070783b206d617267696e3a2030206175746f223e3c2f6469763e0d0a2020202020200d0a202020203c2f73656374696f6e3e3c73656374696f6e3e3c7461626c6520626f72646572203d20223122206964203d2022646174617461626c65223e0d0a0d0a0d0a20203c74686561643e0d0a0d0a20203c74723e0d0a202020203c74683e0d0a2020202050726f647563746f0d0a202020203c2f74683e0d0a202020203c74683e0d0a2020202056656e6469646f730d0a202020203c2f74683e0d0a202020203c74683e0d0a20202020436f73746f20456c61626f726163696f6e0d0a202020203c2f74683e0d0a202020203c74683e0d0a2020202050726563696f20616c207075626c69636f0d0a202020203c2f74683e0d0a202020203c74683e0d0a20202020436f73746f20456c61626f726163696f6e20546f74616c0d0a202020203c2f74683e0d0a202020203c74683e0d0a20202020546f74616c2056656e6469646f0d0a202020203c2f74683e0d0a202020203c74683e0d0a2020202047616e616e63696120546f74616c0d0a202020203c2f74683e0d0a20203c2f74723e0d0a0d0a20203c2f74723e3c2f74686561643e3c74626f64793e3c74723e3c74683e5375626d6172696e6f3c2f74683e3c74643e333c2f74643e3c74643e352e30303c2f74643e3c74643e32302e30303c2f74643e3c74643e31352e30303c2f74643e3c74643e36302e30303c2f74643e3c74643e34352e30303c2f74643e3c2f74723e3c2f74626f64793e3c2f7461626c653e3c2f73656374696f6e3e0d0a3c2f626f64793e0d0a0d0a0d0a0d0a3c2f68746d6c3e);

-- --------------------------------------------------------

--
-- Estructura de tabla para la tabla `ingresoProducto`
--

CREATE TABLE IF NOT EXISTS `ingresoProducto` (
  `Id_ingresoProducto` int(11) NOT NULL,
  `productoAnterior` int(11) DEFAULT NULL,
  `productoIngresado` int(11) DEFAULT NULL,
  `productoNuevo` int(11) DEFAULT NULL,
  `fechaIngreso` varchar(20) DEFAULT NULL,
  `Id_producto` int(11) DEFAULT NULL,
  `nameUsername` varchar(45) DEFAULT NULL
) ENGINE=InnoDB AUTO_INCREMENT=2 DEFAULT CHARSET=latin1;

--
-- Volcado de datos para la tabla `ingresoProducto`
--

INSERT INTO `ingresoProducto` (`Id_ingresoProducto`, `productoAnterior`, `productoIngresado`, `productoNuevo`, `fechaIngreso`, `Id_producto`, `nameUsername`) VALUES
(1, 10, -2, 8, '2015-08-06 18:54:04', 1, 'Uvipower');

-- --------------------------------------------------------

--
-- Estructura de tabla para la tabla `productos`
--

CREATE TABLE IF NOT EXISTS `productos` (
  `Id_producto` int(11) NOT NULL,
  `descripcion` varchar(45) DEFAULT NULL,
  `marca` varchar(45) DEFAULT NULL,
  `tipo` enum('Alimento','Bebida','Golosina') DEFAULT NULL,
  `precio` float DEFAULT NULL,
  `costo` float DEFAULT NULL,
  `elaboracion` enum('Interno','Externo') DEFAULT NULL,
  `cantidad` varchar(45) DEFAULT NULL,
  `stock` int(11) DEFAULT NULL,
  `Id_provedor` int(11) DEFAULT NULL
) ENGINE=InnoDB AUTO_INCREMENT=3 DEFAULT CHARSET=latin1;

--
-- Volcado de datos para la tabla `productos`
--

INSERT INTO `productos` (`Id_producto`, `descripcion`, `marca`, `tipo`, `precio`, `costo`, `elaboracion`, `cantidad`, `stock`, `Id_provedor`) VALUES
(1, 'Gansitos', 'Marinela', 'Golosina', 10, 3, 'Externo', '1pz', 0, 1),
(2, 'Submarino', 'Marinel', 'Golosina', 20, 5, 'Externo', '3pz', 0, 1);

-- --------------------------------------------------------

--
-- Estructura de tabla para la tabla `provedores`
--

CREATE TABLE IF NOT EXISTS `provedores` (
  `Id_provedor` int(11) NOT NULL,
  `nombre` varchar(45) DEFAULT NULL,
  `numero` varchar(10) DEFAULT NULL,
  `rfc` varchar(13) DEFAULT NULL,
  `correo` varchar(45) DEFAULT NULL,
  `estado` varchar(45) DEFAULT NULL,
  `ciudad` varchar(45) DEFAULT NULL,
  `direccion` varchar(45) DEFAULT NULL,
  `colonia` varchar(45) DEFAULT NULL,
  `noExt` int(11) DEFAULT NULL,
  `ccp` int(11) DEFAULT NULL,
  `fechaEntrega` date DEFAULT NULL
) ENGINE=InnoDB AUTO_INCREMENT=2 DEFAULT CHARSET=latin1;

--
-- Volcado de datos para la tabla `provedores`
--

INSERT INTO `provedores` (`Id_provedor`, `nombre`, `numero`, `rfc`, `correo`, `estado`, `ciudad`, `direccion`, `colonia`, `noExt`, `ccp`, `fechaEntrega`) VALUES
(1, 'Marinela', '123456778', 'Marinelsqweer', 'Marinela@gmail.com', 'Quintana Roo', 'Chetumal ', 'Insurgentes ', 'Pato obispo', 335, 77900, '2015-08-05');

-- --------------------------------------------------------

--
-- Estructura de tabla para la tabla `vendidos`
--

CREATE TABLE IF NOT EXISTS `vendidos` (
  `Id_vendidos` int(11) NOT NULL,
  `totalVendidos` float DEFAULT NULL,
  `cantidadVendidos` int(11) DEFAULT NULL,
  `Id_producto` int(11) DEFAULT NULL
) ENGINE=InnoDB AUTO_INCREMENT=12 DEFAULT CHARSET=latin1;

--
-- Volcado de datos para la tabla `vendidos`
--

INSERT INTO `vendidos` (`Id_vendidos`, `totalVendidos`, `cantidadVendidos`, `Id_producto`) VALUES
(1, 20, 2, 1),
(2, 10, 1, 1),
(3, 10, 1, 1),
(4, 20, 1, 2),
(5, 20, 2, 1),
(6, 20, 1, 2),
(7, 60, 3, 2),
(8, 10, 1, 1),
(9, 10, 1, 1),
(10, 40, 2, 2),
(11, 60, 3, 2);

--
-- Índices para tablas volcadas
--

--
-- Indices de la tabla `clientes`
--
ALTER TABLE `clientes`
  ADD PRIMARY KEY (`Id_cliente`);

--
-- Indices de la tabla `cortes`
--
ALTER TABLE `cortes`
  ADD PRIMARY KEY (`Id_corte`);

--
-- Indices de la tabla `ingresoProducto`
--
ALTER TABLE `ingresoProducto`
  ADD PRIMARY KEY (`Id_ingresoProducto`), ADD KEY `fk_ingresoProducto_productos1_idx` (`Id_producto`);

--
-- Indices de la tabla `productos`
--
ALTER TABLE `productos`
  ADD PRIMARY KEY (`Id_producto`), ADD KEY `fk_productos_provedores_idx` (`Id_provedor`);

--
-- Indices de la tabla `provedores`
--
ALTER TABLE `provedores`
  ADD PRIMARY KEY (`Id_provedor`);

--
-- Indices de la tabla `vendidos`
--
ALTER TABLE `vendidos`
  ADD PRIMARY KEY (`Id_vendidos`), ADD KEY `fk_vendidos_productos1_idx` (`Id_producto`);

--
-- AUTO_INCREMENT de las tablas volcadas
--

--
-- AUTO_INCREMENT de la tabla `clientes`
--
ALTER TABLE `clientes`
  MODIFY `Id_cliente` int(11) NOT NULL AUTO_INCREMENT;
--
-- AUTO_INCREMENT de la tabla `cortes`
--
ALTER TABLE `cortes`
  MODIFY `Id_corte` int(11) NOT NULL AUTO_INCREMENT,AUTO_INCREMENT=10;
--
-- AUTO_INCREMENT de la tabla `ingresoProducto`
--
ALTER TABLE `ingresoProducto`
  MODIFY `Id_ingresoProducto` int(11) NOT NULL AUTO_INCREMENT,AUTO_INCREMENT=2;
--
-- AUTO_INCREMENT de la tabla `productos`
--
ALTER TABLE `productos`
  MODIFY `Id_producto` int(11) NOT NULL AUTO_INCREMENT,AUTO_INCREMENT=3;
--
-- AUTO_INCREMENT de la tabla `provedores`
--
ALTER TABLE `provedores`
  MODIFY `Id_provedor` int(11) NOT NULL AUTO_INCREMENT,AUTO_INCREMENT=2;
--
-- AUTO_INCREMENT de la tabla `vendidos`
--
ALTER TABLE `vendidos`
  MODIFY `Id_vendidos` int(11) NOT NULL AUTO_INCREMENT,AUTO_INCREMENT=12;
--
-- Restricciones para tablas volcadas
--

--
-- Filtros para la tabla `ingresoProducto`
--
ALTER TABLE `ingresoProducto`
ADD CONSTRAINT `fk_ingresoProducto_productos1` FOREIGN KEY (`Id_producto`) REFERENCES `productos` (`Id_producto`) ON DELETE SET NULL ON UPDATE SET NULL;

--
-- Filtros para la tabla `productos`
--
ALTER TABLE `productos`
ADD CONSTRAINT `fk_productos_provedores` FOREIGN KEY (`Id_provedor`) REFERENCES `provedores` (`Id_provedor`) ON DELETE SET NULL ON UPDATE SET NULL;

--
-- Filtros para la tabla `vendidos`
--
ALTER TABLE `vendidos`
ADD CONSTRAINT `fk_vendidos_productos1` FOREIGN KEY (`Id_producto`) REFERENCES `productos` (`Id_producto`) ON DELETE SET NULL ON UPDATE SET NULL;

/*!40101 SET CHARACTER_SET_CLIENT=@OLD_CHARACTER_SET_CLIENT */;
/*!40101 SET CHARACTER_SET_RESULTS=@OLD_CHARACTER_SET_RESULTS */;
/*!40101 SET COLLATION_CONNECTION=@OLD_COLLATION_CONNECTION */;
